ID_BLOCO,2_0,2_1,2_2,2_3,2_4,2_5,2_6,2_7,2_8,2_9,ID_MENU
7b93fab5,Crateús,"-5.186109, -40.672586",Regulamentar,1,BOM,Barrote simples,BOM,1_BLOCO_Images/7b93fab5.2_7.105205.jpg,,,54529ef7
5a74598c,Crateús,"-5.186102, -40.672358",Regulamentar,1,BOM,Barrote simples,BOM,1_BLOCO_Images/5a74598c.2_7.105324.jpg,,,54529ef7
8a646b26,Crateus-CE,"-5.191375, -40.677407",Advertência,1,BOM,Poste H,BOM,1_BLOCO_Images/8a646b26.2_7.105354.jpg,,,be9036ba
6d12b337,Crateus-CE,"-5.191456, -40.677506",Advertência,1,BOM,Barrote simples,BOM,1_BLOCO_Images/6d12b337.2_7.105358.jpg,,,be9036ba
bff174e6,Crateús,"-5.186971, -40.670799",Regulamentar,1,BOM,Barrote simples,BOM,1_BLOCO_Images/bff174e6.2_7.105656.jpg,,,54529ef7
8accfe55,Crateús,"-5.186974, -40.670592",Regulamentar,1,BOM,Coluna simples,BOM,1_BLOCO_Images/8accfe55.2_7.105751.jpg,,,54529ef7
ee225166,Crateús,"-5.187549, -40.669587",Regulamentar,1,BOM,Coluna simples,BOM,1_BLOCO_Images/ee225166.2_7.110010.jpg,,,54529ef7
59e4c358,Crateús,"-5.187581, -40.669357",Regulamentar,1,BOM,Coluna simples,BOM,1_BLOCO_Images/59e4c358.2_7.110057.jpg,,,54529ef7
cec03927,Crateús,"-5.187113, -40.669484",Regulamentar,2,RUIM,Poste H,BOM,1_BLOCO_Images/cec03927.2_7.110242.jpg,,,54529ef7
d1e5e142,Crateús,"-5.186288, -40.669268",Regulamentar,1,BOM,Coluna simples,BOM,1_BLOCO_Images/d1e5e142.2_7.110856.jpg,,,54529ef7
adc0a04b,Crateús,"-5.186088, -40.669407",Regulamentar,1,RUIM,Barrote simples,BOM,1_BLOCO_Images/adc0a04b.2_7.110934.jpg,,,54529ef7
2506eb13,Crateús,"-5.185502, -40.669182",Regulamentar,1,RUIM,Coluna simples,BOM,1_BLOCO_Images/2506eb13.2_7.111118.jpg,,,54529ef7
0e319d9e,Crateús,"-5.184848, -40.669127",Regulamentar,1,BOM,Poste H,BOM,1_BLOCO_Images/0e319d9e.2_7.111245.jpg,,,54529ef7
1dcd5187,Crateús,"-5.184871, -40.669286",Regulamentar,1,BOM,Barrote simples,BOM,1_BLOCO_Images/1dcd5187.2_7.111327.jpg,,,54529ef7
c013a9d4,Crateús,"-5.184845, -40.669445",Regulamentar,1,BOM,Barrote simples,BOM,1_BLOCO_Images/c013a9d4.2_7.111617.jpg,,,54529ef7
97dce7e2,Crateús,"-5.184679, -40.669470",Regulamentar,1,RUIM,Barrote simples,BOM,1_BLOCO_Images/97dce7e2.2_7.111659.jpg,,,54529ef7
120e835b,Crateús,"-5.184649, -40.669511",Regulamentar,1,BOM,Barrote simples,BOM,1_BLOCO_Images/120e835b.2_7.111900.jpg,,,54529ef7
17c226dd,Crateús,"-5.184654, -40.669559",Regulamentar,2,BOM,Poste H,BOM,1_BLOCO_Images/17c226dd.2_7.111929.jpg,,,54529ef7
21912374,Crateús,"-5.184612, -40.669561",Regulamentar,2,BOM,Poste H,BOM,1_BLOCO_Images/21912374.2_7.112008.jpg,,,54529ef7
519e9d8c,Crateús,"-5.184436, -40.670231",Regulamentar,1,RUIM,Barrote simples,BOM,1_BLOCO_Images/519e9d8c.2_7.112238.jpg,,,54529ef7
63b0a407,Crateús,"-5.184414, -40.670368",Regulamentar,1,BOM,Barrote simples,BOM,1_BLOCO_Images/63b0a407.2_7.112519.jpg,,,54529ef7
c4a0a41d,Crateús,"-5.183948, -40.671308",Regulamentar,1,BOM,Barrote simples,BOM,1_BLOCO_Images/c4a0a41d.2_7.112738.jpg,,,54529ef7
b7519da2,Crateús,"-5.183937, -40.671473",Regulamentar,1,BOM,Poste H,BOM,1_BLOCO_Images/b7519da2.2_7.112901.jpg,,,54529ef7
d5b92342,Crateús,"-5.183469, -40.672392",Regulamentar,1,BOM,Coluna simples,BOM,1_BLOCO_Images/d5b92342.2_7.113158.jpg,,,54529ef7
b4a783af,Crateús,"-5.184490, -40.672828",Regulamentar,1,BOM,Poste H,BOM,1_BLOCO_Images/b4a783af.2_7.113436.jpg,,,54529ef7
281a6570,Crateús,"-5.184994, -40.673075",Regulamentar,1,BOM,Barrote simples,BOM,1_BLOCO_Images/281a6570.2_7.113549.jpg,,,54529ef7
e194f5fc,Crateús,"-5.185408, -40.673261",Advertência,1,BOM,Barrote simples,BOM,1_BLOCO_Images/e194f5fc.2_7.113649.jpg,,,54529ef7
6aaa4e0c,Crateús,"-5.185494, -40.673171",Regulamentar,1,RUIM,Barrote simples,BOM,1_BLOCO_Images/6aaa4e0c.2_7.113803.jpg,,,54529ef7
9da13a23,Crateús,"-5.184183, -40.672552",Regulamentar,1,BOM,Coluna simples,BOM,1_BLOCO_Images/9da13a23.2_7.114242.jpg,,,54529ef7
a13032b9,Crateús,"-5.184644, -40.672606",Regulamentar,1,BOM,Barrote simples,BOM,1_BLOCO_Images/a13032b9.2_7.114335.jpg,,,54529ef7
787b2439,Crateús,"-5.184725, -40.672458",Obra,2,RUIM,Sem suporte,RUIM,1_BLOCO_Images/787b2439.2_7.114450.jpg,,,54529ef7
721ab41b,Crateús,"-5.184715, -40.672425",Obra,2,RUIM,Sem suporte,RUIM,1_BLOCO_Images/721ab41b.2_7.114521.jpg,,,54529ef7
bdc6058c,Crateús,"-5.184945, -40.672148",Obra,2,RUIM,Sem suporte,RUIM,1_BLOCO_Images/bdc6058c.2_7.114611.jpg,,,54529ef7
446ef3fd,Crateús,"-5.184920, -40.672105",Obra,3,RUIM,Sem suporte,RUIM,1_BLOCO_Images/446ef3fd.2_7.114637.jpg,,,54529ef7
722a48f2,Crateús,"-5.185016, -40.672030",Regulamentar,1,BOM,Barrote simples,BOM,1_BLOCO_Images/722a48f2.2_7.114707.jpg,,,54529ef7
3e8135ac,Crateús,"-5.185048, -40.671810",Regulamentar,1,BOM,Barrote simples,BOM,1_BLOCO_Images/3e8135ac.2_7.115126.jpg,,,54529ef7
2ea3f2b3,Crateús,"-5.185696, -40.670561",Regulamentar,1,BOM,Barrote simples,BOM,1_BLOCO_Images/2ea3f2b3.2_7.115537.jpg,,,54529ef7
38538ee7,Crateús,"-5.185342, -40.670450",Advertência,1,BOM,Coluna simples,BOM,1_BLOCO_Images/38538ee7.2_7.120517.jpg,,,54529ef7
32ca3ae6,Crateús,"-5.185629, -40.670428",Regulamentar,1,RUIM,Poste H,BOM,1_BLOCO_Images/32ca3ae6.2_7.120626.jpg,,,54529ef7
fa1538ef,P1,"-5.185792, -40.670547",Regulamentar,1,BOM,Barrote simples,BOM,1_BLOCO_Images/fa1538ef.2_7.120706.jpg,,,b32f90b7
ed89244e,P1,"-5.186121, -40.670492",Advertência,1,BOM,Barrote simples,BOM,1_BLOCO_Images/ed89244e.2_7.120816.jpg,,,b32f90b7
a5576166,P1,"-5.186724, -40.671296",Regulamentar,1,BOM,Barrote simples,BOM,1_BLOCO_Images/a5576166.2_7.121113.jpg,,,b32f90b7
592c9638,P1,"-5.186411, -40.671654",Regulamentar,1,BOM,Barrote simples,BOM,1_BLOCO_Images/592c9638.2_7.121514.jpg,,,b32f90b7
38ce6360,P1,"-5.185281, -40.671165",Regulamentar,1,BOM,Poste H,BOM,1_BLOCO_Images/38ce6360.2_7.121529.jpg,,,b32f90b7
5a5b5637,P1,"-5.184285, -40.670654",Regulamentar,1,BOM,Poste H,BOM,1_BLOCO_Images/5a5b5637.2_7.121736.jpg,,,b32f90b7
d8363ba1,P1,"-5.184120, -40.671497",Regulamentar,2,BOM,Barrote simples,BOM,1_BLOCO_Images/d8363ba1.2_7.122013.jpg,,,b32f90b7
37b67778,P1,"-5.184101, -40.671532",Regulamentar,2,BOM,Barrote simples,BOM,1_BLOCO_Images/37b67778.2_7.122030.jpg,,,b32f90b7
6d23fc85,Crateús,"-5.190546, -40.676186",Advertência,1,BOM,Barrote simples,BOM,1_BLOCO_Images/6d23fc85.2_7.123516.jpg,,,54529ef7
f8c92d31,Crateús,"-5.190574, -40.674623",Regulamentar,1,RUIM,Barrote simples,RUIM,1_BLOCO_Images/f8c92d31.2_7.124321.jpg,,,54529ef7
e26cb48c,Crateús,"-5.190404, -40.674655",Regulamentar,1,RUIM,Barrote simples,RUIM,1_BLOCO_Images/e26cb48c.2_7.124417.jpg,,,54529ef7
f256d7a5,Crateús,"-5.188403, -40.673520",Regulamentar,1,BOM,Coluna simples,BOM,1_BLOCO_Images/f256d7a5.2_7.124724.jpg,,,54529ef7
c02b3111,Crateús,"-5.188216, -40.673516",Regulamentar,1,BOM,Coluna simples,BOM,1_BLOCO_Images/c02b3111.2_7.124832.jpg,,,54529ef7
41635cc3,Crateus-CE,"-5.190603, -40.676936",Advertência,1,BOM,Poste H,BOM,1_BLOCO_Images/41635cc3.2_7.130443.jpg,,,be9036ba
26bbb4f4,Crateus-CE,"-5.190939, -40.676716",Advertência,1,BOM,Poste H,BOM,1_BLOCO_Images/26bbb4f4.2_7.130446.jpg,,,be9036ba
fa6d7db5,Crateus-CE,"-5.191110, -40.676696",Indicativa,1,RUIM,Barrote duplo,RUIM,1_BLOCO_Images/fa6d7db5.2_7.130449.jpg,,"Barrote não está quebrado, mas está velho.",be9036ba
8debead8,Crateus-CE,"-5.190145, -40.676380",Advertência,1,BOM,Poste H,BOM,1_BLOCO_Images/8debead8.2_7.130451.jpg,,,be9036ba
1a071d96,Crateus-CE,"-5.189951, -40.676408",Advertência,1,BOM,Poste H,BOM,1_BLOCO_Images/1a071d96.2_7.130454.jpg,,Placa formato irregular. Indica advertência com forma losangular,be9036ba
01e9a18b,Crateus-CE,"-5.189827, -40.676315",Advertência,1,RUIM,Barrote simples,RUIM,1_BLOCO_Images/01e9a18b.2_7.130458.jpg,,,be9036ba
272e96be,Crateus-CE,"-5.189574, -40.676060",Advertência,1,RUIM,Barrote simples,RUIM,1_BLOCO_Images/272e96be.2_7.130501.jpg,,,be9036ba
8a926b5e,Crateus-CE,"-5.188742, -40.675779",Advertência,1,BOM,Poste H,BOM,1_BLOCO_Images/8a926b5e.2_7.130505.jpg,,Placa um pouco suja,be9036ba
0c58c708,Crateus-CE,"-5.188377, -40.675773",Advertência,1,BOM,Barrote simples,BOM,1_BLOCO_Images/0c58c708.2_7.130508.jpg,,Placa regulamentar em formato losangular,be9036ba
282364a0,Crateus-CE,"-5.187572, -40.675232",Regulamentar,1,BOM,Barrote simples,BOM,1_BLOCO_Images/282364a0.2_7.130511.jpg,,,be9036ba
0da77bee,Crateus-CE,"-5.187899, -40.674500",Regulamentar,1,RUIM,Coluna simples,RUIM,1_BLOCO_Images/0da77bee.2_7.130514.jpg,,,be9036ba
ceb41e37,Crateus-CE,"-5.187695, -40.674394",Indicativa,1,RUIM,Barrote simples,BOM,1_BLOCO_Images/ceb41e37.2_7.130517.jpg,,Placa feita com adesivo e a mão,be9036ba
aff4fd0f,Crateus-CE,"-5.187847, -40.674191",Indicativa,1,RUIM,Barrote simples,RUIM,1_BLOCO_Images/aff4fd0f.2_7.130519.jpg,,Placa feita com adesivo e pintada a mão,be9036ba
282436fb,Crateus-CE,"-5.187782, -40.674136",Regulamentar,1,BOM,Coluna simples,BOM,1_BLOCO_Images/282436fb.2_7.130522.jpg,,,be9036ba
7981e45a,Crateus-CE,"-5.188900, -40.674949",Advertência,1,RUIM,Barrote simples,RUIM,1_BLOCO_Images/7981e45a.2_7.130525.jpg,,,be9036ba
5ea5698d,Crateus-CE,"-5.188966, -40.675184",Indicativa,1,RUIM,Barrote simples,RUIM,1_BLOCO_Images/5ea5698d.2_7.130527.jpg,,,be9036ba
11d4b600,Crateus-CE,"-5.189040, -40.675125",Regulamentar,1,RUIM,Barrote simples,BOM,1_BLOCO_Images/11d4b600.2_7.130530.jpg,,,be9036ba
82a1ca16,Crateus-CE,"-5.189512, -40.675316",Regulamentar,3,RUIM,Poste H,BOM,1_BLOCO_Images/82a1ca16.2_7.130532.jpg,,Placas novas mas com adesivos,be9036ba
90f6d402,Crateus-CE,"-5.189739, -40.675951",Regulamentar,1,BOM,Barrote simples,BOM,1_BLOCO_Images/90f6d402.2_7.130534.jpg,,,be9036ba
f72b36c5,Crateus-CE,"-5.189768, -40.675978",Regulamentar,1,RUIM,Poste H,BOM,1_BLOCO_Images/f72b36c5.2_7.130537.jpg,,Toldo atrapalhando à visão,be9036ba
9aa7804e,Crateus-CE,"-5.189978, -40.675610",Regulamentar,1,BOM,Poste H,BOM,1_BLOCO_Images/9aa7804e.2_7.130539.jpg,,,be9036ba
710dc603,Crateus-CE,"-5.190234, -40.675091",Indicativa,1,RUIM,Barrote duplo,RUIM,1_BLOCO_Images/710dc603.2_7.130542.jpg,,,be9036ba
87225386,Crateus-CE,"-5.190252, -40.675246",Indicativa,1,RUIM,Coluna simples,BOM,1_BLOCO_Images/87225386.2_7.130544.jpg,,,be9036ba
5bcb8a85,Crateus-CE,"-5.190272, -40.675248",Indicativa,1,RUIM,Coluna simples,BOM,1_BLOCO_Images/5bcb8a85.2_7.130548.jpg,,Estacionamento idoso do prédio da justiça do trabalho,be9036ba
f8953143,Crateus-CE,"-5.190276, -40.675247",Indicativa,1,RUIM,Coluna simples,BOM,1_BLOCO_Images/f8953143.2_7.130550.jpg,,Estacionamento de gestante do prédio da justiça do trabalho,be9036ba
58178b96,Crateus-CE,"-5.190427, -40.676103",Indicativa,1,BOM,Barrote duplo,BOM,1_BLOCO_Images/58178b96.2_7.130553.jpg,,,be9036ba
f19e6f7e,Crateus-CE,"-5.190499, -40.676348",Regulamentar,1,BOM,Barrote simples,BOM,1_BLOCO_Images/f19e6f7e.2_7.130558.jpg,,,be9036ba
1341a7de,Crateus-CE,"-5.184324, -40.660306",Advertência,1,BOM,Barrote simples,BOM,1_BLOCO_Images/1341a7de.2_7.133158.jpg,,,be9036ba
32284ecf,Crateus-CE,"-5.184323, -40.660281",Regulamentar,2,BOM,Poste H,BOM,1_BLOCO_Images/32284ecf.2_7.133346.jpg,,Placa suja,be9036ba
d223437e,Crateus-CE,"-5.184258, -40.660291",Advertência,1,BOM,Barrote simples,BOM,1_BLOCO_Images/d223437e.2_7.133536.jpg,,Placa apenas com um adesivo,be9036ba
9619ce2c,Crateus-CE,"-5.184259, -40.660231",Regulamentar,1,BOM,Coluna simples,BOM,1_BLOCO_Images/9619ce2c.2_7.133639.jpg,,,be9036ba
db85ee2b,Crateus-CE,"-5.184230, -40.661572",Regulamentar,2,BOM,Barrote simples,BOM,1_BLOCO_Images/db85ee2b.2_7.134117.jpg,,,be9036ba
fe0eee76,Crateus-CE,"-5.184302, -40.661551",Regulamentar,1,BOM,Coluna simples,BOM,1_BLOCO_Images/fe0eee76.2_7.134227.jpg,,,be9036ba
92478f31,Crateús,"-5.175773, -40.671435",Regulamentar,1,BOM,Barrote simples,BOM,1_BLOCO_Images/92478f31.2_7.134245.jpg,,,54529ef7
76a8faa0,Crateús,"-5.175734, -40.671397",Advertência,2,RUIM,Coluna simples,BOM,1_BLOCO_Images/76a8faa0.2_7.134325.jpg,,,54529ef7
0a0e9aa4,Crateus-CE,"-5.184229, -40.661947",Advertência,1,RUIM,Barrote simples,RUIM,1_BLOCO_Images/0a0e9aa4.2_7.134407.jpg,,,be9036ba
ed8856e4,Crateús,"-5.175516, -40.671508",Advertência,2,RUIM,Coluna simples,BOM,1_BLOCO_Images/ed8856e4.2_7.134442.jpg,,,54529ef7
9ec7f242,Crateus-CE,"-5.184173, -40.662340",Regulamentar,1,BOM,Barrote simples,BOM,1_BLOCO_Images/9ec7f242.2_7.134538.jpg,,,be9036ba
7e2a7955,Crateus-CE,"-5.184205, -40.662350",Regulamentar,1,RUIM,Barrote simples,BOM,1_BLOCO_Images/7e2a7955.2_7.134620.jpg,,,be9036ba
21a12b79,Crateús,"-5.176299, -40.671753",Regulamentar,1,BOM,Barrote simples,BOM,1_BLOCO_Images/21a12b79.2_7.134751.jpg,,,54529ef7
5253fe4d,Crateús,"-5.176397, -40.671839",Regulamentar,2,BOM,Poste H,BOM,1_BLOCO_Images/5253fe4d.2_7.134820.jpg,,,54529ef7
673e39bb,Crateús,"-5.176392, -40.671842",Regulamentar,1,BOM,Barrote simples,BOM,1_BLOCO_Images/673e39bb.2_7.134845.jpg,,,54529ef7
6170ac43,Crateus-CE,"-5.185112, -40.662887",Regulamentar,1,RUIM,Barrote simples,BOM,1_BLOCO_Images/6170ac43.2_7.134908.jpg,,,be9036ba
db3169bd,Crateús,"-5.176411, -40.671795",Regulamentar,1,BOM,Barrote simples,BOM,1_BLOCO_Images/db3169bd.2_7.134917.jpg,,,54529ef7
2ddd11a9,Crateus-CE,"-5.185387, -40.662948",Regulamentar,1,RUIM,Barrote simples,BOM,1_BLOCO_Images/2ddd11a9.2_7.135009.jpg,,,be9036ba
894cab00,Crateús,"-5.176738, -40.671968",Regulamentar,1,BOM,Poste H,BOM,1_BLOCO_Images/894cab00.2_7.135017.jpg,,,54529ef7
48b9373f,Crateús,"-5.177134, -40.672156",Regulamentar,1,RUIM,Barrote simples,BOM,1_BLOCO_Images/48b9373f.2_7.135116.jpg,,,54529ef7
2c098b4d,Crateús,"-5.177448, -40.672375",Regulamentar,1,RUIM,Barrote simples,BOM,1_BLOCO_Images/2c098b4d.2_7.135205.jpg,,,54529ef7
e6b89375,Crateús,"-5.178076, -40.672710",Advertência,1,BOM,Poste H,BOM,1_BLOCO_Images/e6b89375.2_7.135348.jpg,,,54529ef7
64cec118,Crateús,"-5.177845, -40.673003",Regulamentar,1,RUIM,Barrote simples,BOM,1_BLOCO_Images/64cec118.2_7.135441.jpg,,,54529ef7
883ac36c,Crateús,"-5.176279, -40.672235",Regulamentar,1,RUIM,Poste H,BOM,1_BLOCO_Images/883ac36c.2_7.135801.jpg,,,54529ef7
5f70e5c1,Crateus-CE,"-5.182433, -40.662462",Regulamentar,1,RUIM,Barrote simples,BOM,1_BLOCO_Images/5f70e5c1.2_7.140053.jpg,,,be9036ba
dc3e8b96,Crateús,"-5.178184, -40.673366",Regulamentar,1,BOM,Coluna simples,BOM,1_BLOCO_Images/dc3e8b96.2_7.140215.jpg,,,54529ef7
a92ab091,Crateus-CE,"-5.181996, -40.661987",Regulamentar,1,RUIM,Barrote simples,BOM,1_BLOCO_Images/a92ab091.2_7.140330.jpg,,,be9036ba
5989b4ef,Crateús,"-5.178096, -40.674411",Regulamentar,1,BOM,Barrote simples,BOM,1_BLOCO_Images/5989b4ef.2_7.140406.jpg,,,54529ef7
b1f012f8,Crateus-CE,"-5.182028, -40.661993",Regulamentar,1,BOM,Poste H,BOM,1_BLOCO_Images/b1f012f8.2_7.140419.jpg,,,be9036ba
3675124a,Crateus-CE,"-5.182060, -40.661908",Regulamentar,1,RUIM,Barrote simples,BOM,1_BLOCO_Images/3675124a.2_7.140626.jpg,,Placa em frente a rua Dr. Gomes Coutinho,be9036ba
de8efe52,Crateús,"-5.178767, -40.673838",Regulamentar,1,BOM,Barrote simples,BOM,1_BLOCO_Images/de8efe52.2_7.140933.jpg,,,54529ef7
aa3a5c42,Crateus-CE,"-5.183185, -40.663407",Regulamentar,1,RUIM,Barrote simples,BOM,1_BLOCO_Images/aa3a5c42.2_7.141221.jpg,,,be9036ba
fcbdbbe7,Crateús,"-5.179704, -40.674364",Regulamentar,1,RUIM,Poste H,BOM,1_BLOCO_Images/fcbdbbe7.2_7.141526.jpg,,,54529ef7
8246bfc1,Crateus-CE,"-5.183282, -40.663448",Advertência,1,RUIM,Barrote simples,BOM,1_BLOCO_Images/8246bfc1.2_7.141538.jpg,,"Placa foi pixada, mas apagaram a tinta",be9036ba
b04f1353,Crateús,"-5.179816, -40.674224",Regulamentar,1,BOM,Barrote simples,BOM,1_BLOCO_Images/b04f1353.2_7.141615.jpg,,,54529ef7
567cf5b1,Crateús,"-5.179915, -40.673978",Advertência,1,BOM,Barrote simples,BOM,1_BLOCO_Images/567cf5b1.2_7.141651.jpg,,,54529ef7
7ba3843f,Crateús,"-5.179899, -40.673852",Advertência,1,BOM,Barrote simples,BOM,1_BLOCO_Images/7ba3843f.2_7.141716.jpg,,,54529ef7
91881a76,Crateús,"-5.180160, -40.673613",Regulamentar,1,BOM,Poste H,BOM,1_BLOCO_Images/91881a76.2_7.141810.jpg,,,54529ef7
8c8b1938,Crateús,"-5.180144, -40.673461",Regulamentar,1,BOM,Coluna simples,BOM,1_BLOCO_Images/8c8b1938.2_7.141928.jpg,,,54529ef7
089d55e9,Crateús,"-5.180479, -40.672943",Regulamentar,1,BOM,Coluna simples,BOM,1_BLOCO_Images/089d55e9.2_7.142046.jpg,,,54529ef7
39419782,Crateus-CE,"-5.183452, -40.663605",Regulamentar,1,RUIM,Barrote simples,BOM,1_BLOCO_Images/39419782.2_7.142114.jpg,,Placa um pouco amarelada,be9036ba
f871e488,Crateús,"-5.180470, -40.672777",Regulamentar,1,BOM,Barrote simples,BOM,1_BLOCO_Images/f871e488.2_7.142124.jpg,,,54529ef7
44370191,Crateús,"-5.180861, -40.672186",Regulamentar,1,BOM,Coluna simples,BOM,1_BLOCO_Images/44370191.2_7.142252.jpg,,,54529ef7
889732d3,Crateús,"-5.180855, -40.671995",Regulamentar,1,BOM,Coluna simples,BOM,1_BLOCO_Images/889732d3.2_7.142352.jpg,,,54529ef7
4349fbaa,Crateús,"-5.181305, -40.671320",Regulamentar,1,BOM,Coluna simples,BOM,1_BLOCO_Images/4349fbaa.2_7.142529.jpg,,,54529ef7
0165b07c,Crateús,"-5.180989, -40.671647",Regulamentar,1,BOM,Coluna simples,BOM,1_BLOCO_Images/0165b07c.2_7.142726.jpg,,,54529ef7
aa6d55bd,Crateús,"-5.180140, -40.671706",Regulamentar,1,BOM,Barrote simples,BOM,1_BLOCO_Images/aa6d55bd.2_7.142931.jpg,,,54529ef7
5dacdd8b,Crateus-CE,"-5.182123, -40.663413",Regulamentar,1,BOM,Barrote simples,BOM,1_BLOCO_Images/5dacdd8b.2_7.142953.jpg,,Placa um pouco suja,be9036ba
1ca8be56,Crateús,"-5.180114, -40.671675",Regulamentar,1,BOM,Barrote simples,BOM,1_BLOCO_Images/1ca8be56.2_7.142954.jpg,,,54529ef7
31f47ca7,Crateús,"-5.180108, -40.671571",Regulamentar,1,BOM,Coluna simples,BOM,1_BLOCO_Images/31f47ca7.2_7.143034.jpg,,,54529ef7
a99911af,Crateus-CE,"-5.182006, -40.663503",Advertência,1,BOM,Poste H,BOM,1_BLOCO_Images/a99911af.2_7.143049.jpg,,,be9036ba
f1ef1caf,Crateús,"-5.180341, -40.671278",Regulamentar,1,BOM,Coluna simples,BOM,1_BLOCO_Images/f1ef1caf.2_7.143126.jpg,,,54529ef7
0ed87a9b,Crateus-CE,"-5.181997, -40.663553",Regulamentar,1,BOM,Coluna simples,BOM,1_BLOCO_Images/0ed87a9b.2_7.143130.jpg,,,be9036ba
ce4f77a6,Crateús,"-5.180308, -40.671285",Regulamentar,1,BOM,Barrote simples,BOM,1_BLOCO_Images/ce4f77a6.2_7.143159.jpg,,,54529ef7
759a2d3c,Crateús,"-5.180469, -40.670914",Regulamentar,1,BOM,Barrote simples,BOM,1_BLOCO_Images/759a2d3c.2_7.143247.jpg,,,54529ef7
9b9c8787,Crateus-CE,"-5.181994, -40.663645",Regulamentar,1,RUIM,Poste H,RUIM,1_BLOCO_Images/9b9c8787.2_7.143249.jpg,,,be9036ba
eb35b5c2,Crateus-CE,"-5.181964, -40.663931",Regulamentar,1,RUIM,Poste H,BOM,1_BLOCO_Images/eb35b5c2.2_7.143447.jpg,,,be9036ba
629a7237,Crateus-CE,"-5.181808, -40.663472",Regulamentar,1,RUIM,Poste cilíndrico,BOM,1_BLOCO_Images/629a7237.2_7.143726.jpg,,,be9036ba
479166bb,Crateús,"-5.179771, -40.671590",Regulamentar,1,BOM,Poste H,BOM,1_BLOCO_Images/479166bb.2_7.143812.jpg,,,54529ef7
318f0f28,Crateus-CE,"-5.181572, -40.663558",Regulamentar,1,RUIM,Poste cilíndrico,BOM,1_BLOCO_Images/318f0f28.2_7.143917.jpg,,Placa de frente a rua Pres. José Linhares,be9036ba
914ee2b8,Crateús,"-5.179307, -40.671301",Regulamentar,1,BOM,Coluna simples,BOM,1_BLOCO_Images/914ee2b8.2_7.143943.jpg,,,54529ef7
2f63eb84,Crateús,"-5.179268, -40.671329",Regulamentar,1,BOM,Poste H,BOM,1_BLOCO_Images/2f63eb84.2_7.144150.jpg,,,54529ef7
81d4b06b,Crateús,"-5.179468, -40.671460",Regulamentar,1,BOM,Poste H,BOM,1_BLOCO_Images/81d4b06b.2_7.144227.jpg,,,54529ef7
b50d3b55,Crateús,"-5.179377, -40.672545",Regulamentar,1,BOM,Barrote simples,BOM,1_BLOCO_Images/b50d3b55.2_7.144619.jpg,,,54529ef7
f60263b1,Crateús,"-5.179402, -40.672792",Regulamentar,1,BOM,Barrote simples,BOM,1_BLOCO_Images/f60263b1.2_7.144649.jpg,,,54529ef7
218568c0,Crateús,"-5.179254, -40.672904",Regulamentar,1,BOM,Coluna simples,BOM,1_BLOCO_Images/218568c0.2_7.144720.jpg,,,54529ef7
f5f1bb81,Crateus-CE,"-5.179943, -40.665215",Regulamentar,1,RUIM,Barrote simples,BOM,1_BLOCO_Images/f5f1bb81.2_7.144933.jpg,,,be9036ba
dd389994,Crateús,"-5.180039, -40.671778",Regulamentar,1,BOM,Coluna simples,BOM,1_BLOCO_Images/dd389994.2_7.144959.jpg,,,54529ef7
0caa7337,Crateus-CE,"-5.179327, -40.665730",Regulamentar,1,BOM,Poste H,BOM,1_BLOCO_Images/0caa7337.2_7.145131.jpg,,,be9036ba
3ccd76c7,Crateús,"-5.179602, -40.672531",Regulamentar,1,BOM,Poste H,BOM,1_BLOCO_Images/3ccd76c7.2_7.145208.jpg,,,54529ef7
e5b011bb,Crateús,"-5.179689, -40.672467",Regulamentar,1,BOM,Coluna simples,BOM,1_BLOCO_Images/e5b011bb.2_7.145229.jpg,,,54529ef7
74fb4ab4,Crateus-CE,"-5.178866, -40.665939",Regulamentar,1,RUIM,Poste H,BOM,1_BLOCO_Images/74fb4ab4.2_7.145253.jpg,,,be9036ba
3c1708fc,Crateus-CE,"-5.178575, -40.665818",Regulamentar,1,BOM,Coluna simples,BOM,1_BLOCO_Images/3c1708fc.2_7.145449.jpg,,Suporte está um pouco inclinado,be9036ba
baec3d16,Crateus-CE,"-5.178520, -40.665587",Advertência,1,RUIM,Barrote simples,BOM,1_BLOCO_Images/baec3d16.2_7.145653.jpg,,,be9036ba
2e41038d,Crateús,"-5.178530, -40.672488",Advertência,1,BOM,Poste cilíndrico,BOM,1_BLOCO_Images/2e41038d.2_7.145853.jpg,,,54529ef7
27fd7e73,Crateus-CE,"-5.179181, -40.665164",Regulamentar,1,RUIM,Barrote simples,RUIM,1_BLOCO_Images/27fd7e73.2_7.145855.jpg,,Suporte danificado,be9036ba
f32e88db,Crateús,"-5.178402, -40.672400",Regulamentar,1,RUIM,Barrote simples,BOM,1_BLOCO_Images/f32e88db.2_7.145945.jpg,,,54529ef7
f394a345,Crateus-CE,"-5.179238, -40.665166",Regulamentar,1,BOM,Barrote simples,BOM,1_BLOCO_Images/f394a345.2_7.145955.jpg,,,be9036ba
45e41bad,Crateus-CE,"-5.179251, -40.665155",Regulamentar,1,RUIM,Barrote simples,BOM,1_BLOCO_Images/45e41bad.2_7.150049.jpg,,,be9036ba
9640d83a,Crateus-CE,"-5.179283, -40.665215",Advertência,1,RUIM,Barrote simples,BOM,1_BLOCO_Images/9640d83a.2_7.150142.jpg,,,be9036ba
e9b19a1c,Crateús,"-5.177302, -40.671664",Regulamentar,1,BOM,Poste H,BOM,1_BLOCO_Images/e9b19a1c.2_7.150224.jpg,,,54529ef7
b95e4bbb,Crateus-CE,"-5.179530, -40.664872",Regulamentar,1,RUIM,Barrote simples,BOM,1_BLOCO_Images/b95e4bbb.2_7.150330.jpg,,,be9036ba
b075c197,Crateús,"-5.176461, -40.671111",Regulamentar,1,BOM,Poste H,BOM,1_BLOCO_Images/b075c197.2_7.150518.jpg,,,54529ef7
42418a0d,Crateus-CE,"-5.179896, -40.664412",Advertência,1,RUIM,Barrote simples,BOM,1_BLOCO_Images/42418a0d.2_7.150518.jpg,,,be9036ba
8c1aad9e,Crateus-CE,"-5.180476, -40.663995",Regulamentar,1,RUIM,Poste H,BOM,1_BLOCO_Images/8c1aad9e.2_7.150642.jpg,,,be9036ba
3cdc78b9,Crateús,"-5.177085, -40.670488",Advertência,1,RUIM,Coluna simples,RUIM,1_BLOCO_Images/3cdc78b9.2_7.150806.jpg,,,54529ef7
c2bc916d,Crateús,"-5.177338, -40.670471",Regulamentar,1,RUIM,Poste H,RUIM,1_BLOCO_Images/c2bc916d.2_7.150839.jpg,,,54529ef7
30edd36c,Crateús,"-5.177338, -40.670467",Regulamentar,1,RUIM,Barrote simples,BOM,1_BLOCO_Images/30edd36c.2_7.150900.jpg,,,54529ef7
0b871264,Crateus-CE,"-5.179472, -40.664403",Regulamentar,1,RUIM,Poste H,BOM,1_BLOCO_Images/0b871264.2_7.150936.jpg,,,be9036ba
4dd0d423,Crateús,"-5.177241, -40.670429",Regulamentar,1,BOM,Poste H,BOM,1_BLOCO_Images/4dd0d423.2_7.150941.jpg,,,54529ef7
e7614eb2,Crateús,"-5.177587, -40.670257",Regulamentar,1,RUIM,Poste H,BOM,1_BLOCO_Images/e7614eb2.2_7.151040.jpg,,,54529ef7
ee17f68b,Crateus-CE,"-5.179396, -40.664433",Regulamentar,1,RUIM,Barrote simples,BOM,1_BLOCO_Images/ee17f68b.2_7.151041.jpg,,,be9036ba
4e19fc20,Crateús,"-5.177889, -40.670008",Regulamentar,1,RUIM,Poste H,BOM,1_BLOCO_Images/4e19fc20.2_7.151132.jpg,,,54529ef7
46cb2a4b,Crateus-CE,"-5.178905, -40.664950",Indicativa,2,RUIM,Poste H,BOM,1_BLOCO_Images/46cb2a4b.2_7.151218.jpg,,,be9036ba
2fdc2c57,Crateús,"-5.178110, -40.669761",Regulamentar,1,RUIM,Poste H,BOM,1_BLOCO_Images/2fdc2c57.2_7.151222.jpg,,,54529ef7
5cb4ed00,Crateús,"-5.178142, -40.669760",Advertência,2,RUIM,Coluna simples,BOM,1_BLOCO_Images/5cb4ed00.2_7.151249.jpg,,,54529ef7
ac1d8782,Crateus-CE,"-5.178824, -40.665130",Regulamentar,1,RUIM,Barrote simples,RUIM,1_BLOCO_Images/ac1d8782.2_7.151320.jpg,,,be9036ba
0edd6ec3,Crateús,"-5.178158, -40.669730",Regulamentar,1,BOM,Poste H,BOM,1_BLOCO_Images/0edd6ec3.2_7.151321.jpg,,,54529ef7
0074f3d5,Crateús,"-5.177967, -40.669632",Regulamentar,1,RUIM,Barrote simples,BOM,1_BLOCO_Images/0074f3d5.2_7.151345.jpg,,,54529ef7
a4abf72a,Crateus-CE,"-5.178732, -40.665207",Advertência,1,RUIM,Barrote simples,BOM,1_BLOCO_Images/a4abf72a.2_7.151404.jpg,,,be9036ba
9d5a4bde,Crateús,"-5.177946, -40.669663",Regulamentar,1,RUIM,Barrote simples,BOM,1_BLOCO_Images/9d5a4bde.2_7.151426.jpg,,Feirante monta barraca na frente da placa,54529ef7
390b8fcf,Crateus-CE,"-5.178712, -40.665152",Advertência,1,RUIM,Barrote simples,BOM,1_BLOCO_Images/390b8fcf.2_7.151440.jpg,,,be9036ba
e772880d,Crateús,"-5.177909, -40.669762",Regulamentar,1,RUIM,Barrote simples,BOM,1_BLOCO_Images/e772880d.2_7.151451.jpg,,,54529ef7
70b331f4,Crateus-CE,"-5.178653, -40.665194",Indicativa,1,RUIM,Barrote simples,BOM,1_BLOCO_Images/70b331f4.2_7.151515.jpg,,,be9036ba
ebb68654,Crateus-CE,"-5.178680, -40.665248",Regulamentar,1,RUIM,Barrote simples,BOM,1_BLOCO_Images/ebb68654.2_7.151615.jpg,,,be9036ba
4567a109,Crateus-CE,"-5.178542, -40.665300",Regulamentar,1,RUIM,Poste H,BOM,1_BLOCO_Images/4567a109.2_7.151712.jpg,,,be9036ba
3134e33f,Crateus-CE,"-5.178181, -40.665643",Advertência,1,BOM,Barrote simples,BOM,1_BLOCO_Images/3134e33f.2_7.151828.jpg,,,be9036ba
91e8ee7f,Crateús,"-5.178115, -40.671065",Regulamentar,1,RUIM,Barrote simples,BOM,1_BLOCO_Images/91e8ee7f.2_7.151907.jpg,,,54529ef7
8630a9be,Crateus-CE,"-5.178152, -40.665666",Regulamentar,1,RUIM,Barrote simples,BOM,1_BLOCO_Images/8630a9be.2_7.151914.jpg,,Pintura trincada,be9036ba
69a1b77a,Crateús,"-5.178290, -40.670974",Regulamentar,1,RUIM,Barrote simples,BOM,1_BLOCO_Images/69a1b77a.2_7.151941.jpg,,,54529ef7
628639a5,Crateus-CE,"-5.178222, -40.665757",Regulamentar,1,RUIM,Barrote simples,BOM,1_BLOCO_Images/628639a5.2_7.152007.jpg,,,be9036ba
5bc2acc2,Crateús,"-5.178420, -40.671141",Regulamentar,1,RUIM,Poste H,BOM,1_BLOCO_Images/5bc2acc2.2_7.152027.jpg,,,54529ef7
e60784ef,Crateús,"-5.178515, -40.671163",Regulamentar,1,RUIM,Barrote simples,BOM,1_BLOCO_Images/e60784ef.2_7.152058.jpg,,,54529ef7
f03f287e,Crateús,"-5.178633, -40.671095",Regulamentar,2,BOM,Barrote simples,BOM,1_BLOCO_Images/f03f287e.2_7.152119.jpg,,,54529ef7
a2511f7c,Crateús,"-5.178488, -40.671023",Regulamentar,1,RUIM,Barrote simples,RUIM,1_BLOCO_Images/a2511f7c.2_7.152204.jpg,,,54529ef7
35fa76ca,Crateús,"-5.178594, -40.671241",Regulamentar,1,RUIM,Poste H,BOM,1_BLOCO_Images/35fa76ca.2_7.152237.jpg,,,54529ef7
793c0c6b,Crateús,"-5.178774, -40.671186",Regulamentar,1,RUIM,Barrote simples,BOM,1_BLOCO_Images/793c0c6b.2_7.152322.jpg,,,54529ef7
63c0d14d,Crateus-CE,"-5.177960, -40.665778",Regulamentar,1,RUIM,Poste H,BOM,1_BLOCO_Images/63c0d14d.2_7.152325.jpg,,Árvores atrapalha a visão,be9036ba
0b518089,Crateús,"-5.178820, -40.671210",Regulamentar,1,RUIM,Barrote simples,BOM,1_BLOCO_Images/0b518089.2_7.152342.jpg,,,54529ef7
05c28c13,Crateús,"-5.178924, -40.671264",Regulamentar,1,RUIM,Barrote simples,BOM,1_BLOCO_Images/05c28c13.2_7.152409.jpg,,,54529ef7
90a00104,Crateus-CE,"-5.177987, -40.665855",Advertência,1,BOM,Barrote simples,BOM,1_BLOCO_Images/90a00104.2_7.152434.jpg,,,be9036ba
6e9b5849,Crateús,"-5.178793, -40.671418",Regulamentar,1,RUIM,Poste H,BOM,1_BLOCO_Images/6e9b5849.2_7.152444.jpg,,,54529ef7
af787b64,Crateus-CE,"-5.177983, -40.665820",Advertência,1,BOM,Coluna simples,RUIM,1_BLOCO_Images/af787b64.2_7.152519.jpg,,,be9036ba
94097ad1,Crateús,"-5.178739, -40.671421",Regulamentar,1,RUIM,Barrote simples,BOM,1_BLOCO_Images/94097ad1.2_7.152521.jpg,,,54529ef7
5060b78e,Crateús,"-5.178672, -40.671562",Regulamentar,1,RUIM,Poste H,BOM,1_BLOCO_Images/5060b78e.2_7.152549.jpg,,,54529ef7
4a2a7abe,Crateus-CE,"-5.178069, -40.665895",Advertência,1,BOM,Poste cilíndrico,BOM,1_BLOCO_Images/4a2a7abe.2_7.152615.jpg,,,be9036ba
3d91224f,Crateús,"-5.178568, -40.671758",Regulamentar,1,BOM,Poste H,BOM,1_BLOCO_Images/3d91224f.2_7.152706.jpg,,,54529ef7
fdbe608f,Crateus-CE,"-5.178080, -40.665982",Regulamentar,1,RUIM,Barrote simples,BOM,1_BLOCO_Images/fdbe608f.2_7.152715.jpg,,,be9036ba
38ec5ce1,Crateús,"-5.178447, -40.671702",Regulamentar,1,BOM,Barrote simples,BOM,1_BLOCO_Images/38ec5ce1.2_7.152734.jpg,,,54529ef7
8e0a4bbf,Crateus-CE,"-5.178064, -40.666075",Advertência,1,BOM,Coluna simples,BOM,1_BLOCO_Images/8e0a4bbf.2_7.152823.jpg,,,be9036ba
b872ff39,Crateús,"-5.178429, -40.672039",Advertência,1,BOM,Barrote simples,BOM,1_BLOCO_Images/b872ff39.2_7.152830.jpg,,,54529ef7
2c8d7183,Crateús,"-5.178351, -40.672146",Regulamentar,1,RUIM,Poste H,BOM,1_BLOCO_Images/2c8d7183.2_7.152907.jpg,,,54529ef7
2fcb67d3,Crateus-CE,"-5.178003, -40.665904",Regulamentar,1,RUIM,Barrote simples,BOM,1_BLOCO_Images/2fcb67d3.2_7.152945.jpg,,Barrote danificado,be9036ba
3953ccdf,Crateus-CE,"-5.177992, -40.665912",Regulamentar,1,BOM,Barrote simples,RUIM,1_BLOCO_Images/3953ccdf.2_7.153404.jpg,,Barrote danificado,be9036ba
f26a0156,Crateus-CE,"-5.177874, -40.666015",Advertência,2,RUIM,Coluna simples,RUIM,1_BLOCO_Images/f26a0156.2_7.153607.jpg,,,be9036ba
84af5c7e,Crateus-CE,"-5.177817, -40.666023",Regulamentar,1,RUIM,Barrote simples,BOM,1_BLOCO_Images/84af5c7e.2_7.153648.jpg,,,be9036ba
5990272a,Crateus-CE,"-5.177813, -40.666037",Regulamentar,1,RUIM,Barrote simples,BOM,1_BLOCO_Images/5990272a.2_7.153731.jpg,,,be9036ba
1a9c432c,Crateus-CE,"-5.177998, -40.666210",Regulamentar,1,BOM,Coluna simples,BOM,1_BLOCO_Images/1a9c432c.2_7.154319.jpg,,,be9036ba
ab06f054,Crateus-CE,"-5.178003, -40.666225",Regulamentar,1,RUIM,Poste H,RUIM,1_BLOCO_Images/ab06f054.2_7.154400.jpg,,,be9036ba
0bab5246,Crateus-CE,"-5.178027, -40.666243",Regulamentar,1,RUIM,Barrote simples,BOM,1_BLOCO_Images/0bab5246.2_7.154445.jpg,,,be9036ba
0e104d78,Crateus-CE,"-5.178039, -40.666367",Regulamentar,1,RUIM,Barrote simples,BOM,1_BLOCO_Images/0e104d78.2_7.154533.jpg,,,be9036ba
cd817dc7,Crateus-CE,"-5.178075, -40.666276",Regulamentar,1,RUIM,Barrote simples,BOM,1_BLOCO_Images/cd817dc7.2_7.154723.jpg,,,be9036ba
65a655f5,Crateus-CE,"-5.178068, -40.666248",Advertência,1,RUIM,Barrote simples,RUIM,1_BLOCO_Images/65a655f5.2_7.154857.jpg,,Suporte está inclinado,be9036ba
33c82e25,Crateus-CE,"-5.178068, -40.666237",Regulamentar,2,RUIM,Coluna simples,RUIM,1_BLOCO_Images/33c82e25.2_7.154943.jpg,,,be9036ba
b4605dce,Crateus-CE,"-5.178555, -40.667621",Regulamentar,1,RUIM,Barrote simples,RUIM,1_BLOCO_Images/b4605dce.2_7.155216.jpg,,,be9036ba
12f2ffe6,Crateus-CE,"-5.178369, -40.668865",Regulamentar,1,BOM,Coluna simples,BOM,1_BLOCO_Images/12f2ffe6.2_7.155417.jpg,,,be9036ba
718a6a9e,Crateus-CE,"-5.178359, -40.668937",Regulamentar,2,RUIM,Barrote simples,BOM,1_BLOCO_Images/718a6a9e.2_7.155504.jpg,,,be9036ba
83787502,Crateus-CE,"-5.178456, -40.668863",Regulamentar,1,BOM,Barrote simples,BOM,1_BLOCO_Images/83787502.2_7.155639.jpg,,,be9036ba
4a205848,Crateus-CE,"-5.178564, -40.668505",Regulamentar,1,RUIM,Poste H,BOM,1_BLOCO_Images/4a205848.2_7.155803.jpg,,,be9036ba
c4a90d91,Crateús,"-5.178305, -40.669048",Regulamentar,2,BOM,Poste H,BOM,1_BLOCO_Images/c4a90d91.2_7.155836.jpg,,,54529ef7
de5bb5f2,Crateús,"-5.178340, -40.669068",Regulamentar,1,BOM,Coluna simples,BOM,1_BLOCO_Images/de5bb5f2.2_7.155911.jpg,,,54529ef7
dffdf8d2,Crateus-CE,"-5.178351, -40.668939",Regulamentar,1,BOM,Barrote simples,BOM,1_BLOCO_Images/dffdf8d2.2_7.155924.jpg,,,be9036ba
c638f679,Crateús,"-5.178372, -40.669073",Regulamentar,2,RUIM,Barrote simples,BOM,1_BLOCO_Images/c638f679.2_7.155942.jpg,,,54529ef7
727598be,Crateus-CE,"-5.178352, -40.668985",Regulamentar,1,BOM,Barrote simples,BOM,1_BLOCO_Images/727598be.2_7.160021.jpg,,,be9036ba
fb511be8,Crateús,"-5.178469, -40.669195",Regulamentar,1,BOM,Barrote simples,BOM,1_BLOCO_Images/fb511be8.2_7.160151.jpg,,,54529ef7
86c74fe0,Crateús,"-5.178266, -40.669669",Regulamentar,1,BOM,Barrote simples,BOM,1_BLOCO_Images/86c74fe0.2_7.160335.jpg,,,54529ef7
3465986c,Crateús,"-5.178182, -40.669625",Advertência,2,RUIM,Coluna simples,BOM,1_BLOCO_Images/3465986c.2_7.160449.jpg,,,54529ef7
02f4081d,Crateus-CE,"-5.178222, -40.669598",Regulamentar,2,BOM,Barrote simples,BOM,1_BLOCO_Images/02f4081d.2_7.160451.jpg,,,be9036ba
febd3205,Crateus-CE,"-5.175563, -40.671150",Regulamentar,1,RUIM,Barrote simples,RUIM,1_BLOCO_Images/febd3205.2_7.160948.jpg,,,be9036ba
6fa9b4d3,Crateus-CE,"-5.175654, -40.671288",Advertência,2,RUIM,Coluna simples,RUIM,1_BLOCO_Images/6fa9b4d3.2_7.161029.jpg,,,be9036ba
2c4cc099,Crateus-CE,"-5.175480, -40.671382",Regulamentar,1,RUIM,Barrote simples,BOM,1_BLOCO_Images/2c4cc099.2_7.161225.jpg,,,be9036ba
49a240a9,Crateús,"-5.175292, -40.671233",Regulamentar,1,BOM,Coluna simples,BOM,1_BLOCO_Images/49a240a9.2_7.161302.jpg,,,54529ef7
90c015af,Crateus-CE,"-5.175453, -40.671372",Advertência,2,RUIM,Coluna simples,RUIM,1_BLOCO_Images/90c015af.2_7.161305.jpg,,,be9036ba
51d0c8d5,Crateús,"-5.175368, -40.671399",Regulamentar,1,BOM,Barrote simples,BOM,1_BLOCO_Images/51d0c8d5.2_7.161330.jpg,,,54529ef7
5964352c,Crateus-CE,"-5.175134, -40.671201",Advertência,1,RUIM,Poste H,BOM,1_BLOCO_Images/5964352c.2_7.161529.jpg,,,be9036ba
f682c0b2,Crateús,"-5.174144, -40.670590",Regulamentar,1,BOM,Poste H,BOM,1_BLOCO_Images/f682c0b2.2_7.161723.jpg,,,54529ef7
a45154e6,Crateus-CE,"-5.174080, -40.670735",Regulamentar,1,RUIM,Poste H,BOM,1_BLOCO_Images/a45154e6.2_7.161738.jpg,,,be9036ba
48e0e16b,Crateús,"-5.174127, -40.670568",Regulamentar,1,BOM,Poste H,BOM,1_BLOCO_Images/48e0e16b.2_7.161748.jpg,,,54529ef7
7f76a708,Crateus-CE,"-5.174012, -40.670675",Regulamentar,1,RUIM,Barrote simples,BOM,1_BLOCO_Images/7f76a708.2_7.161820.jpg,,,be9036ba
a6d60afd,Crateús,"-5.174054, -40.670543",Regulamentar,1,RUIM,Barrote simples,BOM,1_BLOCO_Images/a6d60afd.2_7.161820.jpg,,,54529ef7
bf5eae04,Crateús,"-5.174251, -40.670471",Regulamentar,1,RUIM,Poste H,BOM,1_BLOCO_Images/bf5eae04.2_7.161914.jpg,,,54529ef7
b660a5d0,Crateús,"-5.174418, -40.670208",Regulamentar,1,RUIM,Poste H,BOM,1_BLOCO_Images/b660a5d0.2_7.162001.jpg,,,54529ef7
309b017e,Crateus-CE,"-5.174567, -40.669891",Regulamentar,2,BOM,Barrote simples,BOM,1_BLOCO_Images/309b017e.2_7.162022.jpg,,,be9036ba
6dfe75a6,Crateús,"-5.174585, -40.669947",Regulamentar,1,BOM,Poste H,BOM,1_BLOCO_Images/6dfe75a6.2_7.162042.jpg,,,54529ef7
38094924,Crateus-CE,"-5.174629, -40.669758",Regulamentar,1,BOM,Poste H,BOM,1_BLOCO_Images/38094924.2_7.162118.jpg,,,be9036ba
f48cc60b,Crateús,"-5.174721, -40.669880",Regulamentar,2,BOM,Poste H,BOM,1_BLOCO_Images/f48cc60b.2_7.162132.jpg,,,54529ef7
f3c1b8d1,Crateus-CE,"-5.174675, -40.669823",Regulamentar,1,BOM,Barrote simples,BOM,1_BLOCO_Images/f3c1b8d1.2_7.162156.jpg,,,be9036ba
7833b2fa,Crateus-CE,"-5.175713, -40.670635",Regulamentar,2,BOM,Barrote simples,BOM,1_BLOCO_Images/7833b2fa.2_7.162403.jpg,,,be9036ba
5c962ebb,Crateús,"-5.175847, -40.670683",Regulamentar,2,BOM,Barrote simples,BOM,1_BLOCO_Images/5c962ebb.2_7.162429.jpg,,,54529ef7
8cc2d239,Crateus-CE,"-5.175848, -40.670709",Regulamentar,1,RUIM,Barrote simples,RUIM,1_BLOCO_Images/8cc2d239.2_7.162450.jpg,,,be9036ba
22c70b33,Crateus-CE,"-5.176161, -40.670833",Regulamentar,1,RUIM,Poste H,BOM,1_BLOCO_Images/22c70b33.2_7.162608.jpg,,,be9036ba
e4a47962,Crateus-CE,"-5.175791, -40.670689",Regulamentar,1,RUIM,Poste H,BOM,1_BLOCO_Images/e4a47962.2_7.162722.jpg,,,be9036ba
8b69d065,Crateus-CE,"-5.175949, -40.670404",Regulamentar,1,RUIM,Poste H,RUIM,1_BLOCO_Images/8b69d065.2_7.162847.jpg,,,be9036ba
d38ccbad,Crateus-CE,"-5.176144, -40.670058",Regulamentar,1,RUIM,Poste H,BOM,1_BLOCO_Images/d38ccbad.2_7.163207.jpg,,,be9036ba
addd5d1c,Crateus-CE,"-5.176213, -40.669860",Regulamentar,1,BOM,Poste H,BOM,1_BLOCO_Images/addd5d1c.2_7.163259.jpg,,,be9036ba
261d57cd,Crateus-CE,"-5.176184, -40.669786",Regulamentar,2,BOM,Poste H,BOM,1_BLOCO_Images/261d57cd.2_7.163341.jpg,,,be9036ba
82bd4d0f,Crateús,"-5.176784, -40.668715",Regulamentar,1,RUIM,Barrote simples,BOM,1_BLOCO_Images/82bd4d0f.2_7.163426.jpg,,,54529ef7
520f89b7,Crateus-CE,"-5.176314, -40.669757",Regulamentar,3,RUIM,Poste H,BOM,1_BLOCO_Images/520f89b7.2_7.163443.jpg,,,be9036ba
c11267ac,Crateús,"-5.176809, -40.668685",Regulamentar,1,RUIM,Poste H,BOM,1_BLOCO_Images/c11267ac.2_7.163502.jpg,,,54529ef7
85a48b4e,Crateus-CE,"-5.176328, -40.669582",Regulamentar,1,RUIM,Barrote simples,BOM,1_BLOCO_Images/85a48b4e.2_7.163523.jpg,,,be9036ba
52bd805e,Crateús,"-5.176655, -40.668801",Regulamentar,2,BOM,Barrote simples,BOM,1_BLOCO_Images/52bd805e.2_7.163538.jpg,,,54529ef7
d8c99e33,Crateus-CE,"-5.176481, -40.669353",Regulamentar,1,RUIM,Poste H,BOM,1_BLOCO_Images/d8c99e33.2_7.163616.jpg,,,be9036ba
ba6f7522,Crateús,"-5.176687, -40.669014",Regulamentar,1,BOM,Poste H,BOM,1_BLOCO_Images/ba6f7522.2_7.163638.jpg,,,54529ef7
8e9169c3,Crateus-CE,"-5.176468, -40.669338",Regulamentar,1,RUIM,Poste H,BOM,1_BLOCO_Images/8e9169c3.2_7.163647.jpg,,,be9036ba
b02a36f6,Crateús,"-5.176681, -40.669020",Regulamentar,1,RUIM,Poste H,BOM,1_BLOCO_Images/b02a36f6.2_7.163700.jpg,,,54529ef7
9c3b654a,Crateús,"-5.176679, -40.669020",Regulamentar,1,BOM,Barrote simples,BOM,1_BLOCO_Images/9c3b654a.2_7.163732.jpg,,,54529ef7
388ef542,Crateús,"-5.176914, -40.668443",Regulamentar,2,RUIM,Barrote simples,BOM,1_BLOCO_Images/388ef542.2_7.165148.jpg,,,54529ef7
324df2ac,Crateús,"-5.176848, -40.668409",Regulamentar,1,RUIM,Barrote simples,BOM,1_BLOCO_Images/324df2ac.2_7.165211.jpg,,,54529ef7
df3e95e6,Crateús,"-5.176998, -40.668260",Regulamentar,1,RUIM,Barrote simples,BOM,1_BLOCO_Images/df3e95e6.2_7.165252.jpg,,,54529ef7
9c558afb,Crateús,"-5.177065, -40.668256",Regulamentar,1,BOM,Coluna simples,BOM,1_BLOCO_Images/9c558afb.2_7.165347.jpg,,,54529ef7
5c6b1d4c,Crateús,"-5.177023, -40.668140",Regulamentar,1,BOM,Poste H,BOM,1_BLOCO_Images/5c6b1d4c.2_7.165429.jpg,,,54529ef7
e884832d,Crateús,"-5.177132, -40.668011",Regulamentar,1,BOM,Barrote simples,BOM,1_BLOCO_Images/e884832d.2_7.165454.jpg,,,54529ef7
0c8f62de,Crateus-CE,"-5.176636, -40.665305",Advertência,1,BOM,Poste H,BOM,1_BLOCO_Images/0c8f62de.2_7.165506.jpg,,,be9036ba
f6c651df,Crateús,"-5.177174, -40.667985",Regulamentar,1,BOM,Coluna simples,BOM,1_BLOCO_Images/f6c651df.2_7.165515.jpg,,,54529ef7
806e1b93,Crateús,"-5.177150, -40.667962",Regulamentar,1,BOM,Coluna simples,BOM,1_BLOCO_Images/806e1b93.2_7.165544.jpg,,,54529ef7
85d382d7,Crateús,"-5.177149, -40.667914",Regulamentar,2,BOM,Poste H,BOM,1_BLOCO_Images/85d382d7.2_7.165611.jpg,,,54529ef7
376111df,Crateús,"-5.177155, -40.667881",Regulamentar,1,RUIM,Poste H,BOM,1_BLOCO_Images/376111df.2_7.165634.jpg,,,54529ef7
e03f7791,Crateus-CE,"-5.176864, -40.665533",Regulamentar,1,RUIM,Barrote simples,BOM,1_BLOCO_Images/e03f7791.2_7.165640.jpg,,,be9036ba
6a2d7564,Crateús,"-5.177179, -40.667867",Regulamentar,1,BOM,Coluna simples,BOM,1_BLOCO_Images/6a2d7564.2_7.165656.jpg,,,54529ef7
4a6a4119,Crateús,"-5.177245, -40.667752",Regulamentar,1,BOM,Barrote simples,BOM,1_BLOCO_Images/4a6a4119.2_7.165734.jpg,,,54529ef7
acdeb5e3,Crateus-CE,"-5.177256, -40.665843",Advertência,1,RUIM,Poste H,BOM,1_BLOCO_Images/acdeb5e3.2_7.165845.jpg,,,be9036ba
294482fe,Crateús,"-5.177324, -40.667587",Regulamentar,1,RUIM,Poste H,BOM,1_BLOCO_Images/294482fe.2_7.165919.jpg,,,54529ef7
c8d50d40,Crateús,"-5.177479, -40.667269",Regulamentar,1,RUIM,Poste H,BOM,1_BLOCO_Images/c8d50d40.2_7.170008.jpg,,,54529ef7
8fbfc37e,Crateus-CE,"-5.177498, -40.665796",Advertência,1,BOM,Poste cilíndrico,BOM,1_BLOCO_Images/8fbfc37e.2_7.170022.jpg,,,be9036ba
abb01ecb,Crateús,"-5.177590, -40.667173",Regulamentar,1,RUIM,Poste H,BOM,1_BLOCO_Images/abb01ecb.2_7.170037.jpg,,,54529ef7
da30aeff,Crateús,"-5.177502, -40.666990",Regulamentar,2,BOM,Barrote simples,BOM,1_BLOCO_Images/da30aeff.2_7.170122.jpg,,,54529ef7
c24713ae,Crateús,"-5.177812, -40.667119",Regulamentar,2,BOM,Barrote simples,BOM,1_BLOCO_Images/c24713ae.2_7.170206.jpg,,,54529ef7
e9e367f5,Crateus-CE,"-5.177860, -40.666656",Regulamentar,1,RUIM,Poste H,BOM,1_BLOCO_Images/e9e367f5.2_7.170306.jpg,,,be9036ba
cf6bf3e9,Crateús,"-5.178664, -40.668886",Regulamentar,1,BOM,Poste H,BOM,1_BLOCO_Images/cf6bf3e9.2_7.170655.jpg,,,54529ef7
58132449,Crateús,"-5.178766, -40.668517",Regulamentar,2,RUIM,Poste H,BOM,1_BLOCO_Images/58132449.2_7.170801.jpg,,,54529ef7
b72c3251,Crateús,"-5.178797, -40.668463",Regulamentar,2,RUIM,Barrote simples,BOM,1_BLOCO_Images/b72c3251.2_7.170823.jpg,,,54529ef7
38c22976,Crateús,"-5.178706, -40.668456",Regulamentar,1,BOM,Barrote simples,BOM,1_BLOCO_Images/38c22976.2_7.170843.jpg,,,54529ef7
0aa883a7,Crateús,"-5.178746, -40.668224",Regulamentar,1,BOM,Barrote simples,BOM,1_BLOCO_Images/0aa883a7.2_7.170942.jpg,,,54529ef7
5255fe07,Crateús,"-5.178704, -40.666830",Regulamentar,1,BOM,Barrote simples,BOM,1_BLOCO_Images/5255fe07.2_7.171115.jpg,,,54529ef7
20e641fc,Crateús,"-5.175311, -40.664003",Regulamentar,1,BOM,Poste H,BOM,1_BLOCO_Images/20e641fc.2_7.121647.jpg,,,54529ef7
770e39a9,Crateús,"-5.175273, -40.663807",Regulamentar,2,BOM,Barrote simples,BOM,1_BLOCO_Images/770e39a9.2_7.122020.jpg,,,54529ef7
f322bd4c,Crateús,"-5.174128, -40.663947",Regulamentar,1,RUIM,Barrote simples,BOM,1_BLOCO_Images/f322bd4c.2_7.122331.jpg,,,54529ef7
395227d6,Crateús,"-5.174649, -40.664531",Regulamentar,1,RUIM,Barrote simples,BOM,1_BLOCO_Images/395227d6.2_7.122531.jpg,,,54529ef7
d71ac5a5,Crateús,"-5.174228, -40.664968",Regulamentar,1,RUIM,Poste H,BOM,1_BLOCO_Images/d71ac5a5.2_7.122713.jpg,,,54529ef7
d8370093,Crateús,"-5.174216, -40.665001",Regulamentar,1,RUIM,Barrote simples,BOM,1_BLOCO_Images/d8370093.2_7.122747.jpg,,,54529ef7
8266d8b5,Crateús,"-5.174312, -40.665090",Regulamentar,1,RUIM,Poste H,BOM,1_BLOCO_Images/8266d8b5.2_7.122840.jpg,,,54529ef7
6bd39877,Crateús,"-5.173944, -40.665628",Regulamentar,1,RUIM,Barrote simples,BOM,1_BLOCO_Images/6bd39877.2_7.123042.jpg,,,54529ef7
682d02a2,Crateús,"-5.173887, -40.665796",Regulamentar,1,BOM,Barrote simples,BOM,1_BLOCO_Images/682d02a2.2_7.123205.jpg,,,54529ef7
c0a877b5,Crateús,"-5.173791, -40.665750",Regulamentar,3,RUIM,Poste H,BOM,1_BLOCO_Images/c0a877b5.2_7.123301.jpg,,,54529ef7
3c0315dd,Crateús,"-5.173782, -40.665814",Regulamentar,1,RUIM,Poste H,BOM,1_BLOCO_Images/3c0315dd.2_7.123434.jpg,,Árvore atrapalha visão da placa,54529ef7
2e663b09,Crateús,"-5.173549, -40.665472",Regulamentar,1,BOM,Poste H,BOM,1_BLOCO_Images/2e663b09.2_7.123546.jpg,,,54529ef7
cf1d16b8,Crateús,"-5.173504, -40.665555",Regulamentar,1,BOM,Poste H,BOM,1_BLOCO_Images/cf1d16b8.2_7.123629.jpg,,,54529ef7
6734ee09,Crateús,"-5.173514, -40.664737",Regulamentar,1,RUIM,Poste H,BOM,1_BLOCO_Images/6734ee09.2_7.124103.jpg,,,54529ef7
35638b62,Crateús,"-5.173998, -40.665851",Regulamentar,1,RUIM,Coluna simples,BOM,1_BLOCO_Images/35638b62.2_7.124341.jpg,,Árvore atrapalha visão da placa,54529ef7
7b7f278d,Crateús,"-5.174041, -40.665871",Regulamentar,1,RUIM,Poste H,BOM,1_BLOCO_Images/7b7f278d.2_7.124430.jpg,,,54529ef7
9dfdf3d0,Crateús,"-5.174804, -40.665140",Regulamentar,1,BOM,Poste H,BOM,1_BLOCO_Images/9dfdf3d0.2_7.124625.jpg,,,54529ef7
31a296b7,Crateús,"-5.174817, -40.664990",Advertência,1,BOM,Barrote simples,BOM,1_BLOCO_Images/31a296b7.2_7.124811.jpg,,,54529ef7
8794e3b6,Crateús,"-5.174654, -40.664881",Regulamentar,1,RUIM,Poste H,BOM,1_BLOCO_Images/8794e3b6.2_7.124904.jpg,,,54529ef7
05c9a158,Crateús,"-5.174596, -40.664783",Regulamentar,1,RUIM,Coluna simples,RUIM,1_BLOCO_Images/05c9a158.2_7.124953.jpg,,,54529ef7
e6bf408f,Crateús,"-5.174550, -40.664887",Advertência,1,RUIM,Barrote simples,BOM,1_BLOCO_Images/e6bf408f.2_7.125035.jpg,,,54529ef7
b776bb23,Crateús,"-5.175363, -40.665716",Regulamentar,1,BOM,Coluna simples,BOM,1_BLOCO_Images/b776bb23.2_7.125222.jpg,,,54529ef7
579405fa,Crateús,"-5.174859, -40.666725",Regulamentar,1,RUIM,Barrote simples,BOM,1_BLOCO_Images/579405fa.2_7.125425.jpg,,,54529ef7
5e1ead2a,Crateús,"-5.174964, -40.666731",Advertência,1,RUIM,Barrote simples,BOM,1_BLOCO_Images/5e1ead2a.2_7.125513.jpg,,,54529ef7
b69099c7,Crateús,"-5.175096, -40.666857",Regulamentar,1,RUIM,Poste H,BOM,1_BLOCO_Images/b69099c7.2_7.125606.jpg,,,54529ef7
6d759af1,Crateús,"-5.174875, -40.666541",Advertência,2,RUIM,Poste cilíndrico,BOM,1_BLOCO_Images/6d759af1.2_7.125746.jpg,,,54529ef7
64dafce7,Crateús,"-5.174649, -40.666572",Regulamentar,1,BOM,Poste H,BOM,1_BLOCO_Images/64dafce7.2_7.125857.jpg,,,54529ef7
dd9d052b,Crateús,"-5.174383, -40.666305",Regulamentar,1,RUIM,Poste H,BOM,1_BLOCO_Images/dd9d052b.2_7.130006.jpg,,,54529ef7
480270a1,Crateús,"-5.174348, -40.666312",Regulamentar,1,BOM,Poste H,BOM,1_BLOCO_Images/480270a1.2_7.130057.jpg,,,54529ef7
e5ef82b5,Crateus-CE,"-5.173035, -40.665060",Regulamentar,2,BOM,Barrote simples,BOM,1_BLOCO_Images/e5ef82b5.2_7.130152.jpg,,,be9036ba
742032bb,Crateus-CE,"-5.173000, -40.665012",Regulamentar,1,RUIM,Barrote simples,BOM,1_BLOCO_Images/742032bb.2_7.130158.jpg,,,be9036ba
39b44b2f,Crateus-CE,"-5.172983, -40.665003",Regulamentar,1,BOM,Barrote simples,BOM,1_BLOCO_Images/39b44b2f.2_7.130203.jpg,,,be9036ba
df02bda1,Crateus-CE,"-5.172965, -40.664995",Regulamentar,1,RUIM,Barrote simples,BOM,1_BLOCO_Images/df02bda1.2_7.130209.jpg,,,be9036ba
0c60e469,Crateus-CE,"-5.172892, -40.665013",Regulamentar,1,RUIM,Coluna simples,BOM,1_BLOCO_Images/0c60e469.2_7.130214.jpg,,,be9036ba
cb2c6e01,Crateus-CE,"-5.173010, -40.665071",Regulamentar,1,BOM,Poste H,BOM,1_BLOCO_Images/cb2c6e01.2_7.130220.jpg,,,be9036ba
76bea545,Crateus-CE,"-5.173237, -40.665254",Regulamentar,3,RUIM,Poste H,BOM,1_BLOCO_Images/76bea545.2_7.130226.jpg,,,be9036ba
4ae1a79b,Crateus-CE,"-5.173256, -40.665265",Regulamentar,1,BOM,Poste H,BOM,1_BLOCO_Images/4ae1a79b.2_7.130231.jpg,,,be9036ba
659d479f,Crateus-CE,"-5.173127, -40.665173",Regulamentar,1,RUIM,Barrote simples,BOM,1_BLOCO_Images/659d479f.2_7.130238.jpg,,,be9036ba
b5087044,Crateus-CE,"-5.174065, -40.666009",Regulamentar,1,BOM,Poste H,BOM,1_BLOCO_Images/b5087044.2_7.130243.jpg,,,be9036ba
037391c4,Crateus-CE,"-5.174117, -40.666060",Regulamentar,1,BOM,Poste H,BOM,1_BLOCO_Images/037391c4.2_7.130249.jpg,,,be9036ba
4972af8c,Crateus-CE,"-5.174162, -40.666140",Regulamentar,1,RUIM,Barrote simples,BOM,1_BLOCO_Images/4972af8c.2_7.130256.jpg,,,be9036ba
e0413e38,Crateus-CE,"-5.174293, -40.666218",Regulamentar,1,RUIM,Poste H,BOM,1_BLOCO_Images/e0413e38.2_7.130301.jpg,,,be9036ba
ab6248d2,Crateus-CE,"-5.174447, -40.666296",Regulamentar,2,RUIM,Poste H,BOM,1_BLOCO_Images/ab6248d2.2_7.130306.jpg,,,be9036ba
68a00547,Crateus-CE,"-5.174530, -40.666426",Regulamentar,1,BOM,Coluna simples,BOM,1_BLOCO_Images/68a00547.2_7.130312.jpg,,,be9036ba
